<?xml version="1.0" standalone="yes"?>
<NewDataSet>
  <xs:schema id="NewDataSet" xmlns="" xmlns:xs="http://www.w3.org/2001/XMLSchema" xmlns:msdata="urn:schemas-microsoft-com:xml-msdata">
    <xs:element name="NewDataSet" msdata:IsDataSet="true" msdata:MainDataTable="ConnectionServer" msdata:UseCurrentLocale="true">
      <xs:complexType>
        <xs:choice minOccurs="0" maxOccurs="unbounded">
          <xs:element name="ConnectionServer">
            <xs:complexType>
              <xs:sequence>
                <xs:element name="Server" type="xs:string" minOccurs="0" />
                <xs:element name="Date" type="xs:dateTime" minOccurs="0" />
              </xs:sequence>
            </xs:complexType>
          </xs:element>
        </xs:choice>
      </xs:complexType>
    </xs:element>
  </xs:schema>
  <ConnectionServer>
    <Server>localhost:82</Server>
    <Date>2019-02-15T12:45:23.724551-05:00</Date>
  </ConnectionServer>
</NewDataSet>