<?xml version="1.0" standalone="yes"?>
<NewDataSet>
  <xs:schema id="NewDataSet" xmlns="" xmlns:xs="http://www.w3.org/2001/XMLSchema" xmlns:msdata="urn:schemas-microsoft-com:xml-msdata">
    <xs:element name="NewDataSet" msdata:IsDataSet="true" msdata:MainDataTable="Settings" msdata:UseCurrentLocale="true">
      <xs:complexType>
        <xs:choice minOccurs="0" maxOccurs="unbounded">
          <xs:element name="Settings">
            <xs:complexType>
              <xs:sequence>
                <xs:element name="Color" type="xs:string" minOccurs="0" />
                <xs:element name="Theme" type="xs:string" minOccurs="0" />
               <xs:element name="StartLogo" type="xs:boolean" minOccurs="0" />
              </xs:sequence>
            </xs:complexType>
          </xs:element>
        </xs:choice>
      </xs:complexType>
    </xs:element>
  </xs:schema>
  <Settings>
    <Color>DeepPurple</Color>
    <Theme>Light</Theme>
    <StartLogo>true</StartLogo>
  </Settings>
</NewDataSet>